<?xml version="1.0" encoding="UTF-8"?>
<!--Sample XML file generated by XMLSpy v2005 rel. 3 U (http://www.altova.com)-->
<security-properties>
	<dorian-information>
		<service-url>https://cagrid-dorian-stage.nci.nih.gov:8443/wsrf/services/cagrid/Dorian</service-url>
		<proxy-lifetime-hours>12</proxy-lifetime-hours>
		<proxy-lifetime-minutes>0</proxy-lifetime-minutes>
		<proxy-lifetime-seconds>0</proxy-lifetime-seconds>
		<proxy-delegation-path-length>3</proxy-delegation-path-length>		
	</dorian-information>
	<delegation-service-information>
		<service-url>https://cagrid-cds-stage.nci.nih.gov:8443/wsrf/services/cagrid/CredentialDelegationService</service-url>
		<delegation-lifetime-hours>12</delegation-lifetime-hours>
		<delegation-lifetime-minutes>0</delegation-lifetime-minutes>
		<delegation-lifetime-seconds>0</delegation-lifetime-seconds>
	</delegation-service-information>
	<authentication-service-list>
		<authentication-service>
			<service-name>Dorian</service-name>
			<service-url>https://cagrid-dorian-stage.nci.nih.gov:8443/wsrf/services/cagrid/Dorian</service-url>
		</authentication-service>
	</authentication-service-list>
	<delegated-application-list>
		<delegated-application>
			<application-name>CCTS DEV App Server</application-name>
			<host-identity>/O=caBIG/OU=caGrid/OU=Stage LOA1/OU=Services/CN=ncias-c278-v.nci.nih.gov</host-identity>
		</delegated-application>
	</delegated-application-list>
</security-properties>
